municipality;lan
Botkyrka;Stockholms län
Danderyd;Stockholms län
Ekerö;Stockholms län
Haninge;Stockholms län
Huddinge;Stockholms län
Järfälla;Stockholms län
Lidingö;Stockholms län
Nacka;Stockholms län
Norrtälje;Stockholms län
Nykvarn;Stockholms län
Nynäshamn;Stockholms län
Salem;Stockholms län
Sigtuna;Stockholms län
Sollentuna;Stockholms län
Solna;Stockholms län
Stockholm;Stockholms län
Sundbyberg;Stockholms län
Södertälje;Stockholms län
Tyresö;Stockholms län
Täby;Stockholms län
Upplands-Bro;Stockholms län
Upplands Väsby;Stockholms län
Vallentuna;Stockholms län
Vaxholm;Stockholms län
Värmdö;Stockholms län
Österåker;Stockholms län
Enköping;Uppsala län
Heby;Uppsala län
Håbo;Uppsala län
Knivsta;Uppsala län
Tierp;Uppsala län
Uppsala;Uppsala län
Älvkarleby;Uppsala län
Östhammar;Uppsala län
Eskilstuna;Södermanlands län
Flen;Södermanlands län
Gnesta;Södermanlands län
Katrineholm;Södermanlands län
Nyköping;Södermanlands län
Oxelösund;Södermanlands län
Strängnäs;Södermanlands län
Trosa;Södermanlands län
Vingåker;Södermanlands län
;Östergötlands län
Boxholm;Östergötlands län
Finspång;Östergötlands län
Kinda;Östergötlands län
Linköping;Östergötlands län
Mjölby;Östergötlands län
Motala;Östergötlands län
Norrköping;Östergötlands län
Söderköping;Östergötlands län
Vadstena;Östergötlands län
Valdemarsvik;Östergötlands län
Ydre;Östergötlands län
Åtvidaberg;Östergötlands län
Ödeshög;Östergötlands län
Aneby;Jönköpings län
Eksjö;Jönköpings län
Gislaved;Jönköpings län
Gnosjö;Jönköpings län
Habo;Jönköpings län
Jönköping;Jönköpings län
Mullsjö;Jönköpings län
Nässjö;Jönköpings län
Sävsjö;Jönköpings län
Tranås;Jönköpings län
Vaggeryd;Jönköpings län
Vetlanda;Jönköpings län
Värnamo;Jönköpings län
Alvesta;Kronobergs län
Lessebo;Kronobergs län
Ljungby;Kronobergs län
Markaryd;Kronobergs län
Tingsryd;Kronobergs län
Uppvidinge;Kronobergs län
Växjö;Kronobergs län
Älmhult;Kronobergs län
Borgholm;Kalmar län
Emmaboda;Kalmar län
Hultsfred;Kalmar län
Högsby;Kalmar län
Kalmar;Kalmar län
Mönsterås;Kalmar län
Mörbylånga;Kalmar län
Nybro;Kalmar län
Oskarshamn;Kalmar län
Torsås;Kalmar län
Vimmerby;Kalmar län
Västervik;Kalmar län
Gotland;Gotlands län
Karlshamn;Blekinge län
Karlskrona;Blekinge län
Olofström;Blekinge län
Ronneby;Blekinge län
Sölvesborg;Blekinge län
Bjuv;Skåne län
Bromölla;Skåne län
Burlöv;Skåne län
Båstad;Skåne län
Eslöv;Skåne län
Helsingborg;Skåne län
Hässleholm;Skåne län
Höganäs;Skåne län
Hörby;Skåne län
Höör;Skåne län
Klippan;Skåne län
Kristianstad;Skåne län
Kävlinge;Skåne län
Landskrona;Skåne län
Lomma;Skåne län
Lund;Skåne län
Malmö;Skåne län
Osby;Skåne län
Perstorp ;Skåne län
Simrishamn;Skåne län
Sjöbo;Skåne län
Skurup;Skåne län
Staffanstorp;Skåne län
Svalöv;Skåne län
Svedala;Skåne län
Tomelilla;Skåne län
Trelleborg;Skåne län
Vellinge;Skåne län
Ystad;Skåne län
Åstorp;Skåne län
Ängelholm;Skåne län
Örkelljunga;Skåne län
Östra Göinge;Skåne län
Falkenberg;Hallands län
Halmstad;Hallands län
Hylte;Hallands län
Kungsbacka;Hallands län
Laholm;Hallands län
Varberg;Hallands län
Ale;Västra Götalands län
Alingsås;Västra Götalands län
Bengtsfors;Västra Götalands län
Bollebygd;Västra Götalands län
Borås;Västra Götalands län
Dals-Ed;Västra Götalands län
Essunga;Västra Götalands län
Falköping;Västra Götalands län
Färgelanda;Västra Götalands län
Grästorp;Västra Götalands län
Gullspång;Västra Götalands län
Göteborg;Västra Götalands län
Götene;Västra Götalands län
Herrljunga;Västra Götalands län
Hjo;Västra Götalands län
Härryda;Västra Götalands län
Karlsborg;Västra Götalands län
Kungälv;Västra Götalands län
Lerum;Västra Götalands län
Lidköping;Västra Götalands län
Lilla Edet;Västra Götalands län
Lysekil;Västra Götalands län
Mariestad;Västra Götalands län
Mark;Västra Götalands län
Mellerud;Västra Götalands län
Munkedal;Västra Götalands län
Mölndal;Västra Götalands län
Orust;Västra Götalands län
Partille;Västra Götalands län
Skara;Västra Götalands län
Skövde;Västra Götalands län
Sotenäs;Västra Götalands län
Stenungsund;Västra Götalands län
Strömstad;Västra Götalands län
Svenljunga;Västra Götalands län
Tanum;Västra Götalands län
Tibro;Västra Götalands län
Tidaholm;Västra Götalands län
Tjörn;Västra Götalands län
Tranemo;Västra Götalands län
Trollhättan;Västra Götalands län
Töreboda;Västra Götalands län
Uddevalla;Västra Götalands län
Ulricehamn;Västra Götalands län
Vara;Västra Götalands län
Vårgårda;Västra Götalands län
Vänersborg;Västra Götalands län
Åmål;Västra Götalands län
Öckerö;Västra Götalands län
Arvika;Värmlands län
Eda;Värmlands län
Filipstad;Värmlands län
Forshaga;Värmlands län
Grums;Värmlands län
Hagfors;Värmlands län
Hammarö;Värmlands län
Karlstad;Värmlands län
Kil;Värmlands län
Kristinehamn;Värmlands län
Munkfors;Värmlands län
Storfors;Värmlands län
Sunne;Värmlands län
Säffle;Värmlands län
Torsby;Värmlands län
Årjäng;Värmlands län
Askersund;Örebro län
Degerfors;Örebro län
Hallsberg;Örebro län
Hällefors;Örebro län
Karlskoga;Örebro län
Kumla;Örebro län
Laxå;Örebro län
Lekeberg;Örebro län
Lindesberg;Örebro län
Ljusnarsberg;Örebro län
Nora;Örebro län
Örebro;Örebro län
Arboga;Västmanlands län
Fagersta;Västmanlands län
Hallstahammar;Västmanlands län
Kungsör;Västmanlands län
Köping;Västmanlands län
Norberg;Västmanlands län
Sala;Västmanlands län
Skinnskatteberg;Västmanlands län
Surahammar;Västmanlands län
Västerås;Västmanlands län
Avesta;Dalarnas län
Borlänge;Dalarnas län
Falun;Dalarnas län
Gagnef;Dalarnas län
Hedemora;Dalarnas län
Leksand;Dalarnas län
Ludvika;Dalarnas län
Malung-Sälen;Dalarnas län
Mora;Dalarnas län
Orsa;Dalarnas län
Rättvik;Dalarnas län
Smedjebacken;Dalarnas län
Säter;Dalarnas län
Vansbro;Dalarnas län
Älvdalen;Dalarnas län
Bollnäs;Gävleborgs län
Gävle;Gävleborgs län
Hofors;Gävleborgs län
Hudiksvall;Gävleborgs län
Ljusdal;Gävleborgs län
Nordanstig;Gävleborgs län
Ockelbo;Gävleborgs län
Ovanåker;Gävleborgs län
Sandviken;Gävleborgs län
Söderhamn;Gävleborgs län
Härnösand;Västernorrlands län
Kramfors;Västernorrlands län
Sollefteå;Västernorrlands län
Sundsvall;Västernorrlands län
Timrå;Västernorrlands län
Ånge;Västernorrlands län
Örnsköldsvik;Västernorrlands län
Berg;Jämtlands län
Bräcke;Jämtlands län
Härjedalen;Jämtlands län
Krokom;Jämtlands län
Ragunda;Jämtlands län
Strömsund;Jämtlands län
Åre;Jämtlands län
Östersund;Jämtlands län
Bjurholm;Västerbottens län
Dorotea;Västerbottens län
Lycksele;Västerbottens län
Malå;Västerbottens län
Nordmaling;Västerbottens län
Norsjö;Västerbottens län
Robertsfors;Västerbottens län
Skellefteå;Västerbottens län
Sorsele;Västerbottens län
Storuman;Västerbottens län
Umeå;Västerbottens län
Vilhelmina;Västerbottens län
Vindeln;Västerbottens län
Vännäs;Västerbottens län
Åsele;Västerbottens län
Arjeplog;Norrbottens län
Arvidsjaur;Norrbottens län
Boden;Norrbottens län
Gällivare;Norrbottens län
Haparanda;Norrbottens län
Jokkmokk;Norrbottens län
Kalix;Norrbottens län
Kiruna;Norrbottens län
Luleå;Norrbottens län
Pajala;Norrbottens län
Piteå;Norrbottens län
Älvsbyn;Norrbottens län
Överkalix;Norrbottens län
Övertorneå;Norrbottens län